                  epoch,         train/box_loss,         train/cls_loss,         train/dfl_loss,   metrics/precision(B),      metrics/recall(B),       metrics/mAP50(B),    metrics/mAP50-95(B),           val/box_loss,           val/cls_loss,           val/dfl_loss,                 lr/pg0,                 lr/pg1,                 lr/pg2
                      1,                 1.2643,                 3.5155,                 1.3238,                      1,                0.33387,                0.40168,                0.33983,                 1.0721,                 3.4393,                 1.0679,             0.00023338,             0.00023338,             0.00023338
                      2,                 1.2919,                 2.2919,                 1.2562,                      1,                0.26706,                0.52271,                0.42881,                 1.1155,                 3.4069,                 1.1565,             0.00047386,             0.00047386,             0.00047386
                      3,                 1.2966,                 1.9703,                 1.2328,                0.00344,                0.64912,                0.45775,                0.36928,                 1.1804,                 3.7233,                  1.288,             0.00070443,             0.00070443,             0.00070443
                      4,                  1.294,                 1.8104,                 1.2481,                0.69985,                0.26485,                0.54444,                 0.4256,                 1.2656,                 3.3021,                 1.2338,             0.00092511,             0.00092511,             0.00092511
                      5,                 1.3069,                 1.8486,                 1.2512,                0.79622,                0.51785,                0.56577,                0.43712,                 1.3478,                 2.7452,                 1.3838,              0.0011359,              0.0011359,              0.0011359
